epoch,accuracy,loss,val_accuracy,val_loss
0,0.7111999988555908,1.5037930011749268,0.7508000135421753,1.4578660726547241
1,0.7239000201225281,1.4617388248443604,0.7603999972343445,1.415734887123108
2,0.7357666492462158,1.4220187664031982,0.769599974155426,1.3749884366989136
3,0.7440000176429749,1.3826582431793213,0.7766000032424927,1.3357011079788208
4,0.7515166401863098,1.3441656827926636,0.7835000157356262,1.2978729009628296
