epoch,accuracy,loss,val_accuracy,val_loss
0,0.10499999672174454,2.3637211322784424,0.125900000333786,2.314807653427124
1,0.13243333995342255,2.2872962951660156,0.1624000072479248,2.2399673461914062
2,0.1810833364725113,2.2171883583068848,0.22830000519752502,2.170665979385376
3,0.24131666123867035,2.151059627532959,0.29739999771118164,2.105360269546509
4,0.3035166561603546,2.088599443435669,0.36579999327659607,2.043447494506836
