epoch,accuracy,loss,val_accuracy,val_loss
0,0.380866676568985,2.00496244430542,0.44600000977516174,1.9604543447494507
1,0.4407833218574524,1.946858286857605,0.5054000020027161,1.903214454650879
2,0.4935166537761688,1.8912523984909058,0.5570999979972839,1.8477863073349
3,0.5406666398048401,1.8390002250671387,0.5997999906539917,1.7940027713775635
4,0.5789499878883362,1.7864859104156494,0.6373000144958496,1.741625189781189
