epoch,accuracy,loss,val_accuracy,val_loss
0,0.12581667304039001,2.29243540763855,0.14149999618530273,2.251232624053955
1,0.16151666641235352,2.2317991256713867,0.18860000371932983,2.190001964569092
2,0.20731666684150696,2.1722583770751953,0.24979999661445618,2.1312005519866943
3,0.2621833384037018,2.115945816040039,0.3140000104904175,2.074479103088379
4,0.31708332896232605,2.0613603591918945,0.3783000111579895,2.0194356441497803
