{"loss": 2.0613603591918945, "accuracy": 0.31708332896232605, "val_loss": 2.0194356441497803, "val_accuracy": 0.3783000111579895}