{"loss": 1.7864859104156494, "accuracy": 0.5789499878883362, "val_loss": 1.741625189781189, "val_accuracy": 0.6373000144958496}