{"loss": 1.5486940145492554, "accuracy": 0.696150004863739, "val_loss": 1.5015594959259033, "val_accuracy": 0.7400000095367432}