{"loss": 2.088599443435669, "accuracy": 0.3035166561603546, "val_loss": 2.043447494506836, "val_accuracy": 0.36579999327659607}