{"loss": 1.3441656827926636, "accuracy": 0.7515166401863098, "val_loss": 1.2978729009628296, "val_accuracy": 0.7835000157356262}